sample,auc
train,0.9002772069750423
test,0.8014765784806545
