sample,auc
train,0.8801265656212928
test,0.7907760001849675
